{"cameraMode":{"drawMode":0,"name":"Shaded","section":"Shading Mode"},"sceneLighting":true,"audioPlay":false,"sceneViewState":{"m_AlwaysRefresh":false,"showFog":true,"showSkybox":true,"showFlares":true,"showImageEffects":true,"showParticleSystems":true,"showVisualEffectGraphs":true,"m_FxEnabled":true},"in2DMode":false,"pivot":{"x":11.474069595336914,"y":17.297454833984376,"z":33.09015655517578},"rotation":{"x":0.013100910931825638,"y":0.9626836776733398,"z":0.04739299416542053,"w":-0.2661186158657074},"size":6.600164890289307,"orthographic":false}